﻿UDPRN,Organisation Name,Department Name,PO Box,Building Name,Sub-Building Name,Building Number,Thoroughfare,Street,Double Dependent Locality,Dependent Locality,Post Town,Postcode,Postcode Type,Delivery Point Suffix,SU Organisation Flag,X_Coord,Y_Coord,Latitude,Longitude
3073959,Royal Mail,,,,,20,,Donegall Quay,,,BELFAST,BT1 1AA,L,1A,,146777,530102,54.602444,-5.922291
3073961,Social Security Agency,Attendance Allowance Branch,,Castle Court,,,,Royal Avenue,,,BELFAST,BT1 1AL,L,1A,,145992,529943,54.600619,-5.93427
3073963,Royal Mail,National Return Letter Centre,,,,20,,Donegall Quay,,,BELFAST,BT1 1AR,L,1A,,146766,530133,54.602717,-5.922494
3073966,Belfast Butterfly Club,,210,,,,,,,,BELFAST,BT1 1BG,L,1A,,,,,
3073968,Primark Ltd,,,1-27,,,,Castle Street,,,BELFAST,BT1 1BL,L,1A,,146208,529785,54.599311,-5.930808
3073972,Belfast Telegraph Newspapers Ltd,,2222,,,,,,,,BELFAST,BT1 1BT,L,1A,,,,,
3073973,European Magazine Services Ltd,,,Lombard House 10-20,,,,Lombard Street,,,BELFAST,BT1 1BW,L,1A,,146310,529852,54.599968,-5.929289
3073974,Santander UK plc,,,,,6,,Royal Avenue,,,BELFAST,BT1 1DA,S,1B,Y,146196,529841,54.599809,-5.931046
3073975,Ulster Reform Club,,,,,4,,Royal Avenue,,,BELFAST,BT1 1DA,S,1J,Y,146196,529841,54.599809,-5.931046
3073976,Tesco Metro,,,,,2,,Royal Avenue,,,BELFAST,BT1 1DA,S,1F,Y,146196,529841,54.599809,-5.931046
3073978,H & M,,,8-10,,,,Royal Avenue,,,BELFAST,BT1 1DA,S,1L,Y,146196,529841,54.599809,-5.931046
3073984,Poundland,,,Unit 23,,,Castle Court,Royal Avenue,,,BELFAST,BT1 1DD,S,2F,Y,145992,529943,54.600619,-5.93427
3073986,,,,Unit 49,,,Castle Court,Royal Avenue,,,BELFAST,BT1 1DD,S,1Z,,145992,529943,54.600619,-5.93427
3073987,Boots The Chemists Ltd,,,Unit 26-27,,,Castle Court,Royal Avenue,,,BELFAST,BT1 1DD,S,1S,Y,145992,529943,54.600619,-5.93427
3073989,Burton Menswear,,,Unit 14,,,Castle Court,Royal Avenue,,,BELFAST,BT1 1DD,S,2H,Y,145992,529943,54.600619,-5.93427
3073991,Debenhams plc,,,Unit 34,,,Castle Court,Royal Avenue,,,BELFAST,BT1 1DD,S,1G,Y,145992,529943,54.600619,-5.93427
3073994,The Card Factory,,,Unit 32,,,Castle Court,Royal Avenue,,,BELFAST,BT1 1DD,S,2W,Y,145992,529943,54.600619,-5.93427
3073997,Fresh Pop,,,Unit 37b,,,Castle Court,Royal Avenue,,,BELFAST,BT1 1DD,S,2T,Y,145992,529943,54.600619,-5.93427
3073998,Jack Jones,,,Unit 1b,,,Castle Court,Royal Avenue,,,BELFAST,BT1 1DD,S,2Z,Y,145992,529943,54.600619,-5.93427
3073999,Subway,,,Unit 47,,,Castle Court,Royal Avenue,,,BELFAST,BT1 1DD,S,2L,Y,145992,529943,54.600619,-5.93427
3074000,Halifax plc,,,Unit 18,,,Castle Court,Royal Avenue,,,BELFAST,BT1 1DD,S,1B,Y,145992,529943,54.600619,-5.93427
3074001,Yours Clothing,,,Unit 6,,,Castle Court,Royal Avenue,,,BELFAST,BT1 1DD,S,1H,Y,145992,529943,54.600619,-5.93427
3074003,Argos Ltd,,,Unit 44,,,Castle Court,Royal Avenue,,,BELFAST,BT1 1DD,S,2N,Y,145992,529943,54.600619,-5.93427
3074004,O2,,,Unit 21,,,Castle Court,Royal Avenue,,,BELFAST,BT1 1DD,S,2X,Y,145992,529943,54.600619,-5.93427
3074005,The Perfume Shop,,,Unit 12,,,Castle Court,Royal Avenue,,,BELFAST,BT1 1DD,S,2S,Y,145992,529943,54.600619,-5.93427
3074006,Miss Glam,,,Unit 41,,,Castle Court,Royal Avenue,,,BELFAST,BT1 1DD,S,2Q,Y,145992,529943,54.600619,-5.93427
3074008,,,,Unit 52,,,Castle Court,Royal Avenue,,,BELFAST,BT1 1DD,S,1Q,,145992,529943,54.600619,-5.93427
3074011,Bon Marche,,,Unit 50-51,,,Castle Court,Royal Avenue,,,BELFAST,BT1 1DD,S,1Y,Y,145992,529943,54.600619,-5.93427
3074014,Jacamo,,,Unit 1c,,,Castle Court,Royal Avenue,,,BELFAST,BT1 1DD,S,1W,Y,145992,529943,54.600619,-5.93427
3074015,,,,Unit 24,,,Castle Court,Royal Avenue,,,BELFAST,BT1 1DD,S,1R,,145992,529943,54.600619,-5.93427
3074018,Social Security Agency,Administration & Support Unit,,Castle Court,,,,Royal Avenue,,,BELFAST,BT1 1DF,L,1A,,145992,529943,54.600619,-5.93427
3074022,,,,Haymarket,,84,,Royal Avenue,,,BELFAST,BT1 1DJ,S,3U,,146157,530064,54.60179,-5.931827
3074025,Jean Miller Bridal Salon,,,68-70,,,,Royal Avenue,,,BELFAST,BT1 1DJ,S,1E,Y,146157,530064,54.60179,-5.931827
3074030,,,,78-80,,,,Royal Avenue,,,BELFAST,BT1 1DJ,S,3L,,146157,530064,54.60179,-5.931827
3074034,Extern,,,118-122,,,,Royal Avenue,,,BELFAST,BT1 1DL,S,1B,Y,146180,530143,54.602513,-5.931543
3074037,Mace Supermarket,,,,,102,,Royal Avenue,,,BELFAST,BT1 1DL,S,1S,Y,146180,530143,54.602513,-5.931543
3074039,Make Up Pro Store,,,108-112,,,,Royal Avenue,,,BELFAST,BT1 1DL,S,1Q,Y,146180,530143,54.602513,-5.931543
3074040,Doherty Pensions & Investment Consultancy Ltd,,,114-116,,,,Royal Avenue,,,BELFAST,BT1 1DL,S,1A,Y,146180,530143,54.602513,-5.931543
3074042,,,,124-144,,,,Royal Avenue,,,BELFAST,BT1 1DN,S,1N,,146224,530221,54.60323,-5.930934
3074048,Belfast Education & Library Board,,,Central Library,,,,Royal Avenue,,,BELFAST,BT1 1EA,L,1A,,146203,530189,54.60293,-5.931228
3074052,City Car Parks Ltd,,,,,1,,Francis Street,,,BELFAST,BT1 1EJ,S,1A,Y,145932,529883,54.600059,-5.935149
3074053,Barclays Bank plc,,,,,17,,Castle Place,,,BELFAST,BT1 1EL,L,1A,,146276,529804,54.599518,-5.929776
3074055,Chief Electoral Officer,,,St. Annes House,,15,,Church Street,,,BELFAST,BT1 1ER,L,1A,,146256,530126,54.602394,-5.930357
3074059,Bigger & Strahan Solicitors,,,Sinclair House,,89,,Royal Avenue,,,BELFAST,BT1 1EX,L,1A,,146200,530049,54.60168,-5.931152
3074060,Argento Contemporary Jewellery Ltd,,,,,11,,Royal Avenue,,,BELFAST,BT1 1FB,S,1T,Y,146242,529835,54.599779,-5.93032
3074061,Obento Japanese Express,,,,,17,,Royal Avenue,,,BELFAST,BT1 1FB,S,1S,Y,146242,529835,54.599779,-5.93032
3074063,Diamond Heron Solicitors,,,Diamond House 7-19,,,,Royal Avenue,,,BELFAST,BT1 1FB,S,2R,Y,146242,529835,54.599779,-5.93032
3074065,Argento Jewellery,,,7-9,,,,Royal Avenue,,,BELFAST,BT1 1FB,S,2Y,Y,146242,529835,54.599779,-5.93032
3074068,Spar Stores,,,1-5,,,,Royal Avenue,,,BELFAST,BT1 1FB,S,1L,Y,146242,529835,54.599779,-5.93032
3074071,Bravissimo,,,,,51,,Royal Avenue,,,BELFAST,BT1 1FD,S,1G,Y,146229,529923,54.600565,-5.930605
3074073,Phone Medics,,,33a,,,,Royal Avenue,,,BELFAST,BT1 1FD,S,1J,Y,146229,529923,54.600565,-5.930605
3074074,Greggs Bakery,,,35-39,,,,Royal Avenue,,,BELFAST,BT1 1FD,S,1T,Y,146229,529923,54.600565,-5.930605
3074075,E Cigarette World,,,,,33,,Royal Avenue,,,BELFAST,BT1 1FD,S,1A,Y,146229,529923,54.600565,-5.930605
3074077,Belfast City Centre Management,,,95-101,,,,Royal Avenue,,,BELFAST,BT1 1FE,S,2P,Y,146208,530018,54.601399,-5.931011
3074080,,,,75-87,,,,Royal Avenue,,,BELFAST,BT1 1FE,S,1E,,146208,530018,54.601399,-5.931011
3074081,Oxfam,,,,,69,,Royal Avenue,,,BELFAST,BT1 1FE,S,1X,Y,146208,530018,54.601399,-5.931011
3074087,Nigel Greeves,,,,,89,,Royal Avenue,,,BELFAST,BT1 1FE,S,2N,Y,146208,530018,54.601399,-5.931011
3074091,University Of Atypical,,,109-113,,,,Royal Avenue,,,BELFAST,BT1 1FF,S,1Y,Y,146217,530125,54.602368,-5.930962
3074093,Cahoots Ni,,,109-113,,,,Royal Avenue,,,BELFAST,BT1 1FF,S,1X,Y,146217,530125,54.602368,-5.930962
3074094,Belfast Coffee Shop,,,,,107,,Royal Avenue,,,BELFAST,BT1 1FF,S,1D,Y,146217,530125,54.602368,-5.930962
3074097,Dawsons Musical Instruments,,,123-125,,,,Royal Avenue,,,BELFAST,BT1 1FF,S,1G,Y,146217,530125,54.602368,-5.930962
3074098,Ulster Youth Orchestra,,,109-113,,,,Royal Avenue,,,BELFAST,BT1 1FF,S,1H,Y,146217,530125,54.602368,-5.930962
3074101,Clements Coffee House,,,129-131,,,,Royal Avenue,,,BELFAST,BT1 1FG,S,1S,Y,146254,530185,54.602925,-5.930439
3074105,Federation Of Small Business,,,,,143,,Royal Avenue,,,BELFAST,BT1 1FH,S,1E,Y,146263,530197,54.60304,-5.930309
3074109,Absolute Beauty Salon,,,62-64,,,,Berry Street,,,BELFAST,BT1 1FJ,S,2P,Y,146067,529876,54.600059,-5.93306
3074110,Berry Street Presbyterian Church,,,,,,,Berry Street,,,BELFAST,BT1 1FJ,S,2N,Y,146067,529876,54.600059,-5.93306
3074111,N I Youth Forum,,,,,68,,Berry Street,,,BELFAST,BT1 1FJ,S,2A,Y,146067,529876,54.600059,-5.93306
3074115,Maddens,,,,,,,Berry Street,,,BELFAST,BT1 1FJ,S,2J,Y,146067,529876,54.600059,-5.93306
3074117,,,,52-58,,,,Berry Street,,,BELFAST,BT1 1FJ,S,2F,,146067,529876,54.600059,-5.93306
3074118,Deers Head,,,,,,,Lower Garfield Street,,,BELFAST,BT1 1FP,S,1J,Y,146247,530018,54.601424,-5.930406
3074130,,,,Hampden House 55-59,,,,Royal Avenue,,,BELFAST,BT1 1FX,S,1E,,146235,529961,54.600906,-5.930541
3074132,,,,,,1,,Castle Place,,,BELFAST,BT1 1GA,S,1B,,146291,529871,54.600126,-5.92959
3074133,Game Stores Group Ltd,,,7-11,,,,Castle Place,,,BELFAST,BT1 1GA,S,1H,Y,146291,529871,54.600126,-5.92959
3074134,H M V UK Ltd,,,3-5,,,,Castle Place,,,BELFAST,BT1 1GA,S,1D,Y,146291,529871,54.600126,-5.92959
3074138,,,,,,8,,Castle Place,,,BELFAST,BT1 1GB,S,1A,,146297,529762,54.599152,-5.929408
3074139,,,,24-26,,,,Castle Place,,,BELFAST,BT1 1GB,S,1E,,146297,529762,54.599152,-5.929408
3074140,Carrolls,,,,,2,,Castle Place,,,BELFAST,BT1 1GB,S,1J,Y,146297,529762,54.599152,-5.929408
3074146,The Money Shop,,,,,59,,Castle Street,,,BELFAST,BT1 1GH,S,1Z,Y,146089,529802,54.599405,-5.93266
3074147,Gordons Chemists,,,,,55,,Castle Street,,,BELFAST,BT1 1GH,S,2G,Y,146089,529802,54.599405,-5.93266
3074148,Hercules Bar,,,61-63,,,,Castle Street,,,BELFAST,BT1 1GH,S,2A,Y,146089,529802,54.599405,-5.93266
3074149,Mace Supermarket,,,53-54,,,,Castle Street,,,BELFAST,BT1 1GH,S,3F,Y,146089,529802,54.599405,-5.93266
3074150,Hair Traffic,,,,,57,,Castle Street,,,BELFAST,BT1 1GH,S,2L,Y,146089,529802,54.599405,-5.93266
3074153,Connor Opticians,,,45-47,,,,Castle Street,,,BELFAST,BT1 1GH,S,1D,Y,146089,529802,54.599405,-5.93266
3074157,,,,,Apartment 1,107,,Castle Street,,,BELFAST,BT1 1GJ,S,2E,,145915,529869,54.599919,-5.935404
3074158,,,,,Apartment 10,107,,Castle Street,,,BELFAST,BT1 1GJ,S,2R,,145915,529869,54.599919,-5.935404
3074159,,,,,Apartment 11,107,,Castle Street,,,BELFAST,BT1 1GJ,S,2S,,145915,529869,54.599919,-5.935404
3074160,,,,,Apartment 12,107,,Castle Street,,,BELFAST,BT1 1GJ,S,2T,,145915,529869,54.599919,-5.935404
3074161,,,,,Apartment 13,107,,Castle Street,,,BELFAST,BT1 1GJ,S,2U,,145915,529869,54.599919,-5.935404
3074162,,,,,Apartment 14,107,,Castle Street,,,BELFAST,BT1 1GJ,S,2W,,145915,529869,54.599919,-5.935404
3074163,,,,,Apartment 15,107,,Castle Street,,,BELFAST,BT1 1GJ,S,2X,,145915,529869,54.599919,-5.935404
3074164,,,,,Apartment 16,107,,Castle Street,,,BELFAST,BT1 1GJ,S,2Y,,145915,529869,54.599919,-5.935404
3074165,,,,,Apartment 17,107,,Castle Street,,,BELFAST,BT1 1GJ,S,2Z,,145915,529869,54.599919,-5.935404
3074166,,,,,Apartment 18,107,,Castle Street,,,BELFAST,BT1 1GJ,S,3A,,145915,529869,54.599919,-5.935404
3074167,,,,,Apartment 19,107,,Castle Street,,,BELFAST,BT1 1GJ,S,3B,,145915,529869,54.599919,-5.935404
3074168,,,,,Apartment 2,107,,Castle Street,,,BELFAST,BT1 1GJ,S,2F,,145915,529869,54.599919,-5.935404
3074169,,,,,Apartment 20,107,,Castle Street,,,BELFAST,BT1 1GJ,S,3D,,145915,529869,54.599919,-5.935404
3074170,,,,,Apartment 21,107,,Castle Street,,,BELFAST,BT1 1GJ,S,3E,,145915,529869,54.599919,-5.935404
3074171,,,,,Apartment 22,107,,Castle Street,,,BELFAST,BT1 1GJ,S,3F,,145915,529869,54.599919,-5.935404
3074172,,,,,Apartment 23,107,,Castle Street,,,BELFAST,BT1 1GJ,S,3G,,145915,529869,54.599919,-5.935404